<?xml version="1.0" encoding="UTF-8"?>
<project-private xmlns="http://www.netbeans.org/ns/project-private/1">
    <editor-bookmarks xmlns="http://www.netbeans.org/ns/editor-bookmarks/2" lastBookmarkId="0"/>
    <open-files xmlns="http://www.netbeans.org/ns/projectui-open-files/2">
        <group>
            <file>file:/C:/Users/LABORATORIO%2001/Documents/NetBeansProjectsSextaAula/aula/src/conta/ContaJuridico.java</file>
            <file>file:/C:/Users/LABORATORIO%2001/Documents/NetBeansProjectsSextaAula/aula/src/main/Main.java</file>
            <file>file:/C:/Users/LABORATORIO%2001/Documents/NetBeansProjectsSextaAula/aula/src/cliente/Juridico.java</file>
            <file>file:/C:/Users/LABORATORIO%2001/Documents/NetBeansProjectsSextaAula/aula/src/pessoa/Pessoa.java</file>
            <file>file:/C:/Users/LABORATORIO%2001/Documents/NetBeansProjectsSextaAula/aula/src/conta/Conta.java</file>
            <file>file:/C:/Users/LABORATORIO%2001/Documents/NetBeansProjectsSextaAula/aula/src/cliente/Fisico.java</file>
            <file>file:/C:/Users/LABORATORIO%2001/Documents/NetBeansProjectsSextaAula/aula/src/conta/ContaFisico.java</file>
        </group>
    </open-files>
</project-private>
